<?xml version="1.0" encoding="utf-8" ?>
<Defs>

  <ThingDef ParentName="MakeableDrugBase">
    <defName>SilverTea</defName>
    <label>Silver Tea</label>
    <description>A bitter tea infused with leaves of the Silverroot plant. Drinking it greatly discourages pregnancy for 3 days,  but often cannot entirely prevent it. This tea is easy to produce at cooking facilities.</description>
    <descriptionHyperlinks><HediffDef>SilverTeaHigh</HediffDef></descriptionHyperlinks>
    <graphicData>
      <texPath>Textures/FertilityDrugsBirthControl/SilverTea</texPath>
      <graphicClass>Graphic_StackCount</graphicClass>
    </graphicData>
    <rotatable>false</rotatable>
    <statBases>
      <WorkToMake>900</WorkToMake>
      <MarketValue>35</MarketValue>
      <Mass>0.005</Mass>
    </statBases>
    <techLevel>Neolithic</techLevel>
    <ingestible>
      <drugCategory>Medical</drugCategory>
      <outcomeDoers>
        <li Class="IngestionOutcomeDoer_GiveHediff">
          <hediffDef>SilverTeaHigh</hediffDef>
          <severity>1.0</severity>
        </li>
      </outcomeDoers>
    </ingestible>
    <recipeMaker>
      <researchPrerequisite>PsychoidBrewing</researchPrerequisite>
      <recipeUsers>
        <li>Crafting Spot</li>
        <li>DrugLab</li>
      </recipeUsers>
      <displayPriority>1800</displayPriority>
    </recipeMaker>
    <costList>
      <Silveroot>4</Silveroot>
    </costList>
    <comps>
		  <li Class="CompProperties_Drug">
			<listOrder>1000</listOrder>
			<overdoseSeverityOffset>
			  <min>0.08</min>
			  <max>0.14</max>
			</overdoseSeverityOffset>
		  </li>
		</comps>
  </ThingDef>

  <HediffDef>
    <defName>SilverTeaHigh</defName>
    <label>Silver Tea</label>
    <labelNoun>the effects of taking Silver Tea</labelNoun>
    <description>Silver Tea in the bloodstream. Drinking it greatly discourages pregnancy for 3 days,  but often cannot entirely prevent it.</description>
    <hediffClass>HediffWithComps</hediffClass>
    <defaultLabelColor>(1,0,0.5)</defaultLabelColor>
    <scenarioCanAdd>true</scenarioCanAdd>
    <maxSeverity>1.0</maxSeverity>
    <isBad>false</isBad>
    <comps>
      <li Class="HediffCompProperties_Disappears">
      <showRemainingTime>true</showRemainingTime>
      <disappearsAfterTicks>180000</disappearsAfterTicks><!-- 3 day -->
      </li>
      <li Class="HediffCompProperties_SeverityPerDay">
      <severityPerDay>-0.3</severityPerDay>
      </li>
    </comps>
      <stages>
        <li>
          <statFactors>
            <Fertility>0.5</Fertility>
          </statFactors>
        </li>
      </stages>
  </HediffDef>
  
  


</Defs>
