<?xml version="1.0" encoding="utf-8" ?>
<Defs>
  
  <!-- I can't figure out how to make this work <removesHediff>PregnantHuman</removesHediff> -->

  <ThingDef ParentName="MakeableDrugBase">
    <defName>BloodTea</defName>
    <label>blood tea</label>
    <description>This bitter and pungent tea can be used to end unwanted pregnancies. Unfortunately the tea cannot 100% guarantee the pregnancy will end, sometimes requiring multiple doses. The tea will make the person very sick, so repeated doses may be dangerous to the life of the parent.</description>
    <descriptionHyperlinks>
      <HediffDef>BloodTeaHigh</HediffDef>
      <HediffDef>FoodPoisoning</HediffDef>
      <HediffDef>ToxicBuildup</HediffDef>
      <HediffDef>Malnutrition</HediffDef>
    </descriptionHyperlinks>
    <graphicData>
      <texPath>FertilityDrugsBirthControl/BloodTea</texPath>
      <graphicClass>Graphic_StackCount</graphicClass>
    </graphicData>
    <rotatable>false</rotatable>
    <statBases>
      <WorkToMake>400</WorkToMake>
      <MarketValue>20</MarketValue>
      <Mass>0.05</Mass>
      <DeteriorationRate>6</DeteriorationRate>
    </statBases>
    <techLevel>Neolithic</techLevel>
    <ingestible>
      <foodType>Fluid, Processed</foodType>
      <drugCategory>Medical</drugCategory>
      <outcomeDoers>
        <li Class="IngestionOutcomeDoer_GiveHediff">
          <hediffDef>BloodTeaHigh</hediffDef>
          <severity>1.0</severity>
        </li>
        <li Class="IngestionOutcomeDoer_GiveHediff">
          <hediffDef>FoodPoisoning</hediffDef>
          <severity>0.49</severity>
        </li>
        <li Class="IngestionOutcomeDoer_GiveHediff">
          <hediffDef>ToxicBuildup</hediffDef>
          <severity>0.49</severity>
        </li>
        <li Class="IngestionOutcomeDoer_GiveHediff">
          <hediffDef>Malnutrition</hediffDef>
          <severity>0.49</severity>
        </li>
      </outcomeDoers>
    </ingestible>
    <recipeMaker>
      <researchPrerequisite>PsychoidBrewing</researchPrerequisite>
      <skillRequirements>
        <Cooking>2</Cooking>
      </skillRequirements>
      <recipeUsers>
        <li>Campfire</li>
        <li>ElectricStove</li>
        <li>FueledStove</li>
      </recipeUsers>
      <displayPriority>1800</displayPriority>
    </recipeMaker>
    <costList>
      <SilverrootHarvested>2</SilverrootHarvested>
      <SilverTea>1</SilverTea>
      <RawBerries>2</RawBerries>
    </costList>
    <comps>
		  <li Class="CompProperties_Drug">
			<listOrder>1000</listOrder>
			<overdoseSeverityOffset>
			  <min>0.08</min>
			  <max>0.14</max>
			</overdoseSeverityOffset>
		  </li>
		</comps>
  </ThingDef>

  <HediffDef>
    <defName>BloodTeaHigh</defName>
    <label>Blood Tea</label>
    <labelNoun>the effects of taking Blood Tea</labelNoun>
    <description>Blood tea in the bloodstream. This bitter and pungent tea can be used to end unwanted pregnancies. Unfortunately the tea cannot 100% guarantee the pregnancy will end, sometimes requiring multiple doses. The tea will make the person very sick, so repeated doses may be dangerous to the life of the parent.</description>
    <hediffClass>HediffWithComps</hediffClass>
    <makesSickThought>true</makesSickThought>
    <defaultLabelColor>(1,0,0.5)</defaultLabelColor>
    <scenarioCanAdd>true</scenarioCanAdd>
    <maxSeverity>1.0</maxSeverity>
    <isBad>false</isBad>
    <stages>
      <li>
        <painOffset>0.2</painOffset>
        <capMods>
          <li>
            <capacity>Manipulation</capacity>
            <offset>-0.3</offset>
          </li>
          <li>
            <capacity>Moving</capacity>
            <offset>-0.3</offset>
          </li>
        </capMods>
      </li>
    </stages>
    <comps>
      <li Class="HediffCompProperties_Disappears">
      <showRemainingTime>true</showRemainingTime>
      <disappearsAfterTicks>180000</disappearsAfterTicks> <!-- 3 day --> 
      </li>
      <li Class="HediffCompProperties_SeverityPerDay">
      <severityPerDay>-0.3</severityPerDay>
      </li>
    </comps>
  </HediffDef>
  
  


</Defs>
