<?xml version="1.0" encoding="utf-8" ?>
<Defs>

  <HediffDef ParentName="ImplantHediffBase">
    <defName>GlitterFertilityImplant</defName>
    <label>Fertility Implant</label>
    <labelNoun>a fertility implant</labelNoun>
    <description>Glitter Fertility Implant extremely increases fertility for 3 days. After 3 days the Implant will dissolve into nothing. Due to the high levels of drugs required, this can be dangerous, but you'll probably get pregnant!</description>
    <descriptionHyperlinks>
      <ThingDef>GlitterFertilityImplant</ThingDef>
      <HediffDef>HeartAttack</HediffDef>
    </descriptionHyperlinks>
    <spawnThingOnRemoved>GlitterFertilityImplant</spawnThingOnRemoved>
    <comps>
      <li Class="HediffCompProperties_Disappears">
      <showRemainingTime>true</showRemainingTime>
      <disappearsAfterTicks>180000</disappearsAfterTicks> <!-- 3 days -->  
      </li>
      <li Class="HediffCompProperties_SeverityPerDay">
      <severityPerDay>-0.3</severityPerDay>
      </li>
    </comps>
      <stages>
        <li>
          <statFactors>
            <Fertility>100.0</Fertility>
          </statFactors>
          <hediffGivers>
            <li Class="HediffGiver_Random">
              <hediff>HeartAttack</hediff>
              <mtbDays>120</mtbDays>
              <partsToAffect>
                <li>Heart</li>
              </partsToAffect>
            </li>
          </hediffGivers>
          <capMods>
            <li>
              <capacity>Fertility</capacity>
              <setMax>10</setMax>
            </li>
          </capMods>
        </li>
      </stages>
  </HediffDef>

  <ThingDef ParentName="BodyPartBase">
    <defName>GlitterFertilityImplant</defName>
    <label>Fertility Implant</label>
    <description>Glitter Fertility Implant extremely increases fertility for 3 days. After 3 days the Implant will dissolve into nothing. Due to the high levels of drugs required, this can be dangerous, but you'll probably get pregnant!</description>
    <descriptionHyperlinks><RecipeDef>InstallGlitterFertilityImplant</RecipeDef></descriptionHyperlinks>
    <techLevel>Spacer</techLevel>
    <graphicData>
      <texPath>FertilityDrugsBirthControl/GlitterFertilityImplant</texPath>
      <graphicClass>Graphic_Random</graphicClass>
    </graphicData>
    <recipeMaker>
    <researchPrerequisites>
      <li>GrowthVats</li>
    </researchPrerequisites>
    <skillRequirements>
      <Crafting>8</Crafting>
    </skillRequirements>
    <recipeUsers>
      <li>FabricationBench</li>
      </recipeUsers>
    </recipeMaker>
    <costList>
      <Plasteel>2</Plasteel>
      <GlitterFertilityDrugs>2</GlitterFertilityDrugs>
      <GoldenrootHarvested>2</GoldenrootHarvested>
      <Neutroamine>2</Neutroamine>
      <MedicineUltratech>2</MedicineUltratech>
    </costList>
    <thingSetMakerTags><li>RewardStandardMidFreq</li></thingSetMakerTags>
    <statBases>
      <MarketValue>400</MarketValue>
      <Mass>0.3</Mass>
    </statBases>
    <thingCategories>
      <li>BodyPartsBionic</li>
    </thingCategories>
  </ThingDef>

  <RecipeDef ParentName="SurgeryInstallImplantBase">
    <defName>InstallGlitterFertilityImplant</defName>
    <label>install Fertility Implant</label>
    <description>Install a Fertility Implant.</description>
    <descriptionHyperlinks>
      <ThingDef>GlitterFertilityImplant</ThingDef>
      <HediffDef>GlitterFertilityImplant</HediffDef>
    </descriptionHyperlinks>
    <jobString>Installing Glitter Fertility Implant.</jobString>
    <minAllowedAge>16</minAllowedAge>
    <ingredients>
      <li>
        <filter>
          <thingDefs>
            <li>GlitterFertilityImplant</li>
          </thingDefs>
        </filter>
        <count>1</count>
      </li>
    </ingredients>
    <fixedIngredientFilter>
      <thingDefs>
        <li>GlitterFertilityImplant</li>
      </thingDefs>
    </fixedIngredientFilter>
    <appliedOnFixedBodyParts>
      <li>Torso</li>
    </appliedOnFixedBodyParts>
    <addsHediff>GlitterFertilityImplant</addsHediff>
  </RecipeDef>

</Defs>