<?xml version="1.0" encoding="utf-8" ?>
<Defs>

  <!-- Recipe: make Golden Tea from Goldenroot -->
  <RecipeDef>
    <defName>FertilityDrugsandBirthControl_Make_Goldenroot</defName>
    <label>make Golden Tea from Goldenroot</label>
    <description>Make Golden Tea from Goldenroot.</description>
    <jobString>Make Golden Tea from Goldenroot.</jobString>
    <effectWorking>Cook</effectWorking>
    <soundWorking>Recipe_CookMeal</soundWorking>
    <workSkill>Cooking</workSkill>
    <workAmount>300</workAmount>
    <workSpeedStat>GeneralLaborSpeed</workSpeedStat>
    <recipeUsers>
        <li>CraftingSpot</li>
        <li>DrugLab</li>
      </recipeUsers>
    <ingredients>
        <li>
          <filter>
            <thingDefs>
              <li>Plant_Goldenroot</li>
            </thingDefs>
          </filter>
          <count>12</count>
        </li>
    </ingredients>
    <fixedIngredientFilter>
        <thingDefs>
          <li>Plant_Goldenroot</li>
        </thingDefs>
      </fixedIngredientFilter>
      <products>
        <GoldenTea>1</GoldenTea>
      </products>
      <skillRequirements>
        <Crafting>2</Crafting>
      </skillRequirements>
  </RecipeDef>

</Defs>